,estimator,min_score,mean_score,max_score,std_score,C,algorithm,alpha,criterion,gamma,hidden_layer_sizes,kernel,max_depth,max_features,max_iter,n_estimators,n_neighbors,random_state,solver,weights
18,SVC,0.9404996712689019,0.9563452880621695,0.970780437044745,0.011868683027592374,2,,,,0.001,,rbf,,,,,,,,
23,SVC,0.9395134779750165,0.9556337829526415,0.9710301768990636,0.011846394925739231,3,,,,0.001,,rbf,,,,,,,,
13,SVC,0.9414036817882973,0.9550505335979602,0.9684079084287202,0.011189928770553291,1,,,,0.001,,rbf,,,,,,,,
28,SVC,0.9386916502301118,0.9550140064761052,0.9714047866805411,0.011836142265551438,4,,,,0.001,,rbf,,,,,,,,
33,SVC,0.9384861932938856,0.9545091316094277,0.9717793964620187,0.011929365290287321,5,,,,0.001,,rbf,,,,,,,,
38,SVC,0.9370479947403025,0.9527307004743168,0.9705723204994797,0.01181066516241507,10,,,,0.001,,rbf,,,,,,,,
303,ExtraTreesClassifier,0.9349875930521092,0.9506045942993033,0.9664932362122789,0.012547795182589633,,,,gini,,,,8,log2,,500,,,,
297,ExtraTreesClassifier,0.9325889164598842,0.9499592968643638,0.9618261012491782,0.012475967816826632,,,,gini,,,,8,sqrt,,500,,,,
291,ExtraTreesClassifier,0.9372123602892835,0.9496905976748689,0.9599358974358974,0.009922420777849553,,,,gini,,,,8,auto,,500,,,,
381,ExtraTreesClassifier,0.9343258891645988,0.9489826976611175,0.9604162330905306,0.011616302260908576,,,,entropy,,,,8,auto,,500,,,,
279,ExtraTreesClassifier,0.9332506203473946,0.9483301869559775,0.9577107180020812,0.010779158177824972,,,,gini,,,,7,sqrt,,500,,,,
363,ExtraTreesClassifier,0.9336228287841191,0.9481031322839936,0.9600591715976332,0.011332305738702763,,,,entropy,,,,7,auto,,500,,,,
387,ExtraTreesClassifier,0.9316790736145575,0.9480922889467674,0.9603746097814776,0.012167264375974988,,,,entropy,,,,8,sqrt,,500,,,,
267,ExtraTreesClassifier,0.9348221670802316,0.948066264458524,0.9620811654526534,0.011585603629966705,,,,gini,,,,6,log2,,500,,,,
375,ExtraTreesClassifier,0.932199211045365,0.9479751659219762,0.9615816857440167,0.011964316582128529,,,,entropy,,,,7,log2,,500,,,,
273,ExtraTreesClassifier,0.9335401157981803,0.9478111044749162,0.9582922419460881,0.011502858533376402,,,,gini,,,,7,auto,,500,,,,
393,ExtraTreesClassifier,0.9342845326716295,0.9476885185618477,0.9609573361082206,0.011211262134350723,,,,entropy,,,,8,log2,,500,,,,
285,ExtraTreesClassifier,0.9281224152191894,0.9474389637684283,0.9634547346514047,0.013037645143954685,,,,gini,,,,7,log2,,500,,,,
272,ExtraTreesClassifier,0.9254342431761787,0.9469590170495478,0.9588345473465139,0.01274514314664009,,,,gini,,,,7,auto,,100,,,,
255,ExtraTreesClassifier,0.9317204301075268,0.9469499216997417,0.9579224194608811,0.011760248020652404,,,,gini,,,,6,auto,,500,,,,
345,ExtraTreesClassifier,0.9297337278106509,0.9464570651872741,0.9577523413111342,0.012953045605785737,,,,entropy,,,,6,auto,,500,,,,
357,ExtraTreesClassifier,0.9317204301075269,0.9463728070625533,0.9571696149843912,0.010832183828620669,,,,entropy,,,,6,log2,,500,,,,
369,ExtraTreesClassifier,0.9305210918114145,0.945882694308813,0.956689677843524,0.011708145833495904,,,,entropy,,,,7,sqrt,,500,,,,
302,ExtraTreesClassifier,0.9306788297172913,0.945882606738406,0.9609573361082205,0.012454777769634974,,,,gini,,,,8,log2,,100,,,,
296,ExtraTreesClassifier,0.9281637717121589,0.9455985218388964,0.9560457856399583,0.012473282745704844,,,,gini,,,,8,sqrt,,100,,,,
290,ExtraTreesClassifier,0.9302315963606286,0.9455731404458291,0.9573471400394478,0.011695910251073137,,,,gini,,,,8,auto,,100,,,,
237,ExtraTreesClassifier,0.9273366418527709,0.9454637349052224,0.9583333333333334,0.013586144421012322,,,,gini,,,,5,auto,,500,,,,
243,ExtraTreesClassifier,0.9283291976840363,0.9453319192080899,0.957223865877712,0.012996707095944929,,,,gini,,,,5,sqrt,,500,,,,
351,ExtraTreesClassifier,0.9294458229942101,0.9451731342201205,0.9579604578563995,0.012067204148199761,,,,entropy,,,,6,sqrt,,500,,,,
261,ExtraTreesClassifier,0.9292390405293631,0.9451403418392934,0.9548803329864725,0.011534605405143792,,,,gini,,,,6,sqrt,,500,,,,
249,ExtraTreesClassifier,0.92808105872622,0.9445082572736458,0.9621227887617065,0.01196876523738323,,,,gini,,,,5,log2,,500,,,,
278,ExtraTreesClassifier,0.9340483234714004,0.94441122994689,0.9521285338593031,0.008009800043992595,,,,gini,,,,7,sqrt,,100,,,,
362,ExtraTreesClassifier,0.9266749379652607,0.944218947909975,0.9566285119667013,0.013619165208480844,,,,entropy,,,,7,auto,,100,,,,
386,ExtraTreesClassifier,0.9282544378698226,0.9439587129476268,0.9569614984391258,0.012039576331920744,,,,entropy,,,,8,sqrt,,100,,,,
327,ExtraTreesClassifier,0.9294044665012405,0.9438794340215135,0.957544224765869,0.011132751004830932,,,,entropy,,,,5,auto,,500,,,,
99,RandomForestClassifier,0.9260765943458251,0.9437563339743761,0.9573882314266929,0.012385426069683812,,,,gini,,,,8,log2,,500,,,,
260,ExtraTreesClassifier,0.9289119000657462,0.9436125091589751,0.9531737773152965,0.009412326620899606,,,,gini,,,,6,sqrt,,100,,,,
225,ExtraTreesClassifier,0.9308519437551696,0.9432976326571939,0.9530325443786982,0.00998073425541255,,,,gini,,,,4,sqrt,,500,,,,
321,ExtraTreesClassifier,0.9274193548387096,0.942767607638055,0.9572112382934443,0.01243289344807211,,,,entropy,,,,4,log2,,500,,,,
309,ExtraTreesClassifier,0.9255013149243918,0.9426945263706651,0.9554630593132154,0.013821314292003593,,,,entropy,,,,4,auto,,500,,,,
339,ExtraTreesClassifier,0.928007889546351,0.9426931861329525,0.9584183142559833,0.01274719926640996,,,,entropy,,,,5,log2,,500,,,,
380,ExtraTreesClassifier,0.9308105872622002,0.9426224576361053,0.9548816568047337,0.009168391225574373,,,,entropy,,,,8,auto,,100,,,,
392,ExtraTreesClassifier,0.928287841191067,0.9424689802357695,0.9537981269510926,0.011559737979288867,,,,entropy,,,,8,log2,,100,,,,
284,ExtraTreesClassifier,0.9314184746877056,0.9423277113816215,0.9579604578563996,0.011798876174883193,,,,gini,,,,7,log2,,100,,,,
333,ExtraTreesClassifier,0.9236559139784947,0.9421418640592579,0.9540478668054111,0.013705006027173026,,,,entropy,,,,5,sqrt,,500,,,,
159,RandomForestClassifier,0.9269806048652203,0.9419388546474915,0.952292899408284,0.011069547071223361,,,,entropy,,,,8,log2,,500,,,,
350,ExtraTreesClassifier,0.9222497932175352,0.9419175829062565,0.9521696252465484,0.011380962831719037,,,,entropy,,,,6,sqrt,,100,,,,
368,ExtraTreesClassifier,0.9265508684863524,0.9418316852309088,0.953506763787721,0.010716758156596524,,,,entropy,,,,7,sqrt,,100,,,,
231,ExtraTreesClassifier,0.9214640198511167,0.941796013972953,0.9547138397502601,0.012304800603405476,,,,gini,,,,4,log2,,500,,,,
219,ExtraTreesClassifier,0.9239867659222498,0.9416042436756037,0.9552549427679501,0.012216106154564978,,,,gini,,,,4,auto,,500,,,,
344,ExtraTreesClassifier,0.9273779983457403,0.941588564467897,0.9517585848074923,0.009726130067304785,,,,entropy,,,,6,auto,,100,,,,
271,ExtraTreesClassifier,0.9229528535980148,0.9415857502423579,0.9536524453694069,0.013732047896909858,,,,gini,,,,7,auto,,50,,,,
87,RandomForestClassifier,0.9238165680473374,0.9415380842331535,0.9539365548980934,0.013090112009259683,,,,gini,,,,7,log2,,500,,,,
315,ExtraTreesClassifier,0.9223738626964434,0.9412696682791937,0.9544640998959417,0.012310022400611879,,,,entropy,,,,4,sqrt,,500,,,,
254,ExtraTreesClassifier,0.9289119000657462,0.9411649956454247,0.9520874424720579,0.009920768639407935,,,,gini,,,,6,auto,,100,,,,
98,RandomForestClassifier,0.9222140039447733,0.9409854838367606,0.9548387096774194,0.012962902055022032,,,,gini,,,,8,log2,,200,,,,
378,ExtraTreesClassifier,0.9219602977667493,0.9408518811560114,0.957593688362919,0.012428121612577229,,,,entropy,,,,8,auto,,40,,,,
295,ExtraTreesClassifier,0.9297748191978962,0.9406350164639207,0.9562122788761707,0.009709006197227468,,,,gini,,,,8,sqrt,,50,,,,
97,RandomForestClassifier,0.9205703484549638,0.9404047918116196,0.9550460223537147,0.012277466764780106,,,,gini,,,,8,log2,,100,,,,
75,RandomForestClassifier,0.9246383957922419,0.940087326167611,0.9522580645161289,0.01122270113147484,,,,gini,,,,6,log2,,500,,,,
147,RandomForestClassifier,0.9222140039447732,0.9395208010502974,0.9515920915712799,0.01206635752013737,,,,entropy,,,,7,log2,,500,,,,
86,RandomForestClassifier,0.9236522024983564,0.9395097264724657,0.9514710716633794,0.010629169797204683,,,,gini,,,,7,log2,,200,,,,
289,ExtraTreesClassifier,0.9244416873449132,0.9392001702149784,0.9523750821827744,0.010170030569373434,,,,gini,,,,8,auto,,50,,,,
135,RandomForestClassifier,0.9238987508218277,0.9391932743875031,0.9505098855359,0.011749943180447106,,,,entropy,,,,6,log2,,500,,,,
374,ExtraTreesClassifier,0.919008875739645,0.9391009850986638,0.9502601456815817,0.011785855304167852,,,,entropy,,,,7,log2,,100,,,,
385,ExtraTreesClassifier,0.9233664185277087,0.9389834669808256,0.955171696149844,0.012516444135048132,,,,entropy,,,,8,sqrt,,50,,,,
242,ExtraTreesClassifier,0.9225806451612902,0.938979294729835,0.951633714880333,0.010317151601605862,,,,gini,,,,5,sqrt,,100,,,,
277,ExtraTreesClassifier,0.9255424063116371,0.9388620615578912,0.9500520291363164,0.010058299549012885,,,,gini,,,,7,sqrt,,50,,,,
146,RandomForestClassifier,0.9203238001314924,0.9383967845925343,0.9485535831689678,0.011826489970877575,,,,entropy,,,,7,log2,,200,,,,
74,RandomForestClassifier,0.9257478632478632,0.9383732534663857,0.9497863247863249,0.010159607880839819,,,,gini,,,,6,log2,,200,,,,
85,RandomForestClassifier,0.9259122287968443,0.9381251600041324,0.9494693028095733,0.009736405190433811,,,,gini,,,,7,log2,,100,,,,
96,RandomForestClassifier,0.919543063773833,0.9380838254037647,0.9512656147271532,0.011418683980781056,,,,gini,,,,8,log2,,50,,,,
326,ExtraTreesClassifier,0.9174524400330851,0.9380074581936825,0.9514710716633794,0.013903139592753246,,,,entropy,,,,5,auto,,100,,,,
158,RandomForestClassifier,0.9226249178172256,0.9379650799319414,0.9531147271531887,0.011674828383854648,,,,entropy,,,,8,log2,,200,,,,
63,RandomForestClassifier,0.923939842209073,0.9379414102666723,0.9482248520710059,0.01067358913167182,,,,gini,,,,5,log2,,500,,,,
177,knn,0.9252958579881657,0.937899938495472,0.9517793964620187,0.011468870832874262,,auto,,,,,,,,,,10,,,distance
201,knn,0.9252958579881657,0.937899938495472,0.9517793964620187,0.011468870832874262,,kd_tree,,,,,,,,,,10,,,distance
189,knn,0.9252958579881657,0.9378379838008429,0.9518418314255983,0.011549312207463735,,ball_tree,,,,,,,,,,10,,,distance
224,ExtraTreesClassifier,0.9186517783291978,0.9377933656522867,0.955483870967742,0.012146409577673259,,,,gini,,,,4,sqrt,,100,,,,
213,knn,0.9252958579881657,0.9377801914371192,0.951904266389178,0.011636210529081372,,brute,,,,,,,,,,10,,,distance
24,SVC,0.9174110835401157,0.9377304569191226,0.9587096774193548,0.014227428066479527,3,,,,0.0001,,rbf,,,,,,,,
175,knn,0.9234467455621301,0.9373351988224516,0.9529656607700313,0.012579033703911606,,auto,,,,,,,,,,9,,,distance
199,knn,0.9234467455621301,0.9373351988224516,0.9529656607700313,0.012579033703911606,,kd_tree,,,,,,,,,,9,,,distance
211,knn,0.9234467455621301,0.9373349867378724,0.9529656607700313,0.012578368955184204,,brute,,,,,,,,,,9,,,distance
187,knn,0.9233645627876397,0.9372856770731781,0.9529656607700313,0.012618370335060969,,ball_tree,,,,,,,,,,9,,,distance
29,SVC,0.9168320926385441,0.9371868827740115,0.9591675338189386,0.014595228091843411,4,,,,0.0001,,rbf,,,,,,,,
384,ExtraTreesClassifier,0.9203854372123603,0.9371672514385834,0.9538813735691988,0.011914824013151427,,,,entropy,,,,8,sqrt,,40,,,,
248,ExtraTreesClassifier,0.9209677419354838,0.937116092704222,0.96,0.014350600856771839,,,,gini,,,,5,log2,,100,,,,
134,RandomForestClassifier,0.920611439842209,0.9368926373127927,0.9511758584807493,0.01208653755046007,,,,entropy,,,,6,log2,,200,,,,
34,SVC,0.9166666666666667,0.9368680727874276,0.9586264308012487,0.014854855524674661,5,,,,0.0001,,rbf,,,,,,,,
62,RandomForestClassifier,0.9180226824457594,0.9368553395029421,0.9514299802761341,0.012232981048350555,,,,gini,,,,5,log2,,200,,,,
379,ExtraTreesClassifier,0.9181555004135649,0.9368371221217215,0.9514047866805412,0.01214385353372024,,,,entropy,,,,8,auto,,50,,,,
145,RandomForestClassifier,0.923775476660092,0.9367422522424522,0.9508136094674555,0.009752428322401313,,,,entropy,,,,7,log2,,100,,,,
266,ExtraTreesClassifier,0.9250493096646942,0.9363665522778225,0.9514255983350677,0.00985056377671142,,,,gini,,,,6,log2,,100,,,,
173,knn,0.9220496383957923,0.9363665218334234,0.9530072840790842,0.013035363309422971,,auto,,,,,,,,,,8,,,distance
197,knn,0.9220496383957923,0.9363665218334234,0.9530072840790842,0.013035363309422971,,kd_tree,,,,,,,,,,8,,,distance
356,ExtraTreesClassifier,0.9236111111111112,0.936334728986694,0.9502185223725287,0.010476052810042328,,,,entropy,,,,6,log2,,100,,,,
209,knn,0.9220496383957923,0.9363248985243702,0.9530072840790842,0.012988256211508573,,brute,,,,,,,,,,8,,,distance
332,ExtraTreesClassifier,0.9203473945409429,0.9363200397350722,0.9469302809573361,0.011311967093712249,,,,entropy,,,,5,sqrt,,100,,,,
73,RandomForestClassifier,0.9254342431761787,0.9363020929327263,0.9463475546305933,0.00919081209213292,,,,gini,,,,6,log2,,100,,,,
19,SVC,0.9148883374689826,0.9362953541162538,0.9570447450572321,0.014244124533766044,2,,,,0.0001,,rbf,,,,,,,,
185,knn,0.9220496383957923,0.9362416519062642,0.9526742976066598,0.012884170173125062,,ball_tree,,,,,,,,,,8,,,distance
349,ExtraTreesClassifier,0.9209677419354839,0.9359197882438096,0.9505931321540062,0.012763799548729247,,,,entropy,,,,6,sqrt,,50,,,,
122,RandomForestClassifier,0.9213399503722084,0.9357160587706893,0.9470135275754422,0.011241555829755268,,,,entropy,,,,5,log2,,200,,,,
270,ExtraTreesClassifier,0.9221318211702827,0.9354871514372836,0.94629355687048,0.0097006988448039,,,,gini,,,,7,auto,,40,,,,
123,RandomForestClassifier,0.9191732412886258,0.9353811423285927,0.9481789802289281,0.011428457723178537,,,,entropy,,,,5,log2,,500,,,,
236,ExtraTreesClassifier,0.9230355665839536,0.9351209846744946,0.9456399583766909,0.009938121436655508,,,,gini,,,,5,auto,,100,,,,
361,ExtraTreesClassifier,0.9231182795698926,0.9348527335991916,0.9460978147762747,0.009212400899358862,,,,entropy,,,,7,auto,,50,,,,
288,ExtraTreesClassifier,0.9254755996691482,0.9347373223021986,0.9427263267429761,0.005633538541304983,,,,gini,,,,8,auto,,40,,,,
325,ExtraTreesClassifier,0.9152398676592226,0.9343755340597572,0.9529656607700312,0.015677001424037672,,,,entropy,,,,5,auto,,50,,,,
301,ExtraTreesClassifier,0.9093465674110834,0.9342276426935836,0.9544640998959417,0.016186350672068334,,,,gini,,,,8,log2,,50,,,,
218,ExtraTreesClassifier,0.9116625310173697,0.9341927255331361,0.949885535900104,0.014199756347085733,,,,gini,,,,4,auto,,100,,,,
253,ExtraTreesClassifier,0.9120233399079554,0.9341840726533354,0.9497041420118344,0.014380812881356071,,,,gini,,,,6,auto,,50,,,,
84,RandomForestClassifier,0.9128205128205128,0.9340054557047675,0.94894901144641,0.014954843654954501,,,,gini,,,,7,log2,,50,,,,
294,ExtraTreesClassifier,0.9123655913978493,0.9339198306607255,0.9471383975026014,0.013542726598732704,,,,gini,,,,8,sqrt,,40,,,,
61,RandomForestClassifier,0.9158859303090072,0.9339114594771363,0.954594017094017,0.015106301554076426,,,,gini,,,,5,log2,,100,,,,
157,RandomForestClassifier,0.9134204470742933,0.9337608701898704,0.9508547008547008,0.015328812744844373,,,,entropy,,,,8,log2,,100,,,,
39,SVC,0.9156327543424319,0.9337407700449004,0.9520499479708636,0.013765976341400584,10,,,,0.0001,,rbf,,,,,,,,
367,ExtraTreesClassifier,0.9197684036393714,0.9336740496045307,0.9434171597633136,0.010861995158953442,,,,entropy,,,,7,sqrt,,50,,,,
401,mlp,0.9172870140612075,0.9332152588355462,0.9504266389177939,0.014250067706668423,,,0.1,,,10,,,,1500,,,9,lbfgs,
397,mlp,0.9172870140612075,0.9332152588355462,0.9504266389177939,0.014250067706668423,,,0.1,,,10,,,,1000,,,9,lbfgs,
405,mlp,0.9172870140612075,0.9332152588355462,0.9504266389177939,0.014250067706668423,,,0.1,,,10,,,,2000,,,9,lbfgs,
110,RandomForestClassifier,0.9181870479947403,0.933162310038921,0.9478961209730441,0.010205220131991289,,,,entropy,,,,4,log2,,200,,,,
133,RandomForestClassifier,0.9091880341880343,0.9331375635313041,0.9457593688362919,0.014817506607131855,,,,entropy,,,,6,log2,,100,,,,
276,ExtraTreesClassifier,0.912737799834574,0.9330182389317505,0.9452861602497399,0.011941316985521614,,,,gini,,,,7,sqrt,,40,,,,
338,ExtraTreesClassifier,0.9203887510339123,0.9328346657033922,0.9439750260145682,0.009152377103658602,,,,entropy,,,,5,log2,,100,,,,
95,RandomForestClassifier,0.9120644312952005,0.9326912879759675,0.9494165023011177,0.014306355986321852,,,,gini,,,,8,sqrt,,500,,,,
287,ExtraTreesClassifier,0.9197477253928867,0.9326460604263174,0.94762902695595,0.011018388000548067,,,,gini,,,,8,auto,,20,,,,
111,RandomForestClassifier,0.915146285338593,0.9326073298483049,0.9491363163371488,0.013724230622499008,,,,entropy,,,,4,log2,,500,,,,
360,ExtraTreesClassifier,0.9166873449131514,0.9325904332066983,0.9478043704474505,0.011162025401756212,,,,entropy,,,,7,auto,,40,,,,
207,knn,0.9172624917817226,0.9325804789143459,0.9486784599375652,0.013012531412458717,,brute,,,,,,,,,,7,,,distance
195,knn,0.9172624917817226,0.9325804789143459,0.9486784599375652,0.013012531412458717,,kd_tree,,,,,,,,,,7,,,distance
183,knn,0.9172624917817226,0.9325804789143459,0.9486784599375652,0.013012531412458717,,ball_tree,,,,,,,,,,7,,,distance
171,knn,0.9172624917817226,0.9325804789143459,0.9486784599375652,0.013012531412458717,,auto,,,,,,,,,,7,,,distance
407,mlp,0.9211745244003309,0.9325506663218581,0.9455567117585848,0.009935242351638842,,,0.1,,,13,,,,1000,,,1,lbfgs,
411,mlp,0.9211745244003309,0.9325506663218581,0.9455567117585848,0.009935242351638842,,,0.1,,,13,,,,1500,,,1,lbfgs,
415,mlp,0.9211745244003309,0.9325506663218581,0.9455567117585848,0.009935242351638842,,,0.1,,,13,,,,2000,,,1,lbfgs,
174,knn,0.9190910585141354,0.9325225673385642,0.9508012486992716,0.014636321154864112,,auto,,,,,,,,,,9,,,uniform
198,knn,0.9190910585141354,0.9325225673385642,0.9508012486992716,0.014636321154864112,,kd_tree,,,,,,,,,,9,,,uniform
210,knn,0.9190910585141354,0.9325015444546381,0.9508012486992716,0.014656171397933146,,brute,,,,,,,,,,9,,,uniform
186,knn,0.9190499671268901,0.9324399073737701,0.9508012486992716,0.014702680221631717,,ball_tree,,,,,,,,,,9,,,uniform
51,RandomForestClassifier,0.918310322156476,0.9323358003558916,0.9453484549638396,0.011365221286891004,,,,gini,,,,4,log2,,500,,,,
348,ExtraTreesClassifier,0.9002894954507858,0.9322123808135974,0.9551692965154504,0.01928743604629824,,,,entropy,,,,6,sqrt,,40,,,,
14,SVC,0.9096360628618694,0.9322093497144726,0.9533818938605618,0.014253614536213138,1,,,,0.0001,,rbf,,,,,,,,
320,ExtraTreesClassifier,0.9143655489809335,0.9320210476841391,0.948054110301769,0.011584340227050774,,,,entropy,,,,4,log2,,100,,,,
176,knn,0.9162117452440033,0.9318925329808625,0.9497398543184183,0.013624253933832434,,auto,,,,,,,,,,10,,,uniform
200,knn,0.9162117452440033,0.9318925329808625,0.9497398543184183,0.013624253933832434,,kd_tree,,,,,,,,,,10,,,uniform
308,ExtraTreesClassifier,0.9180314309346568,0.9318572191880443,0.9435171696149844,0.010621110611094517,,,,entropy,,,,4,auto,,100,,,,
212,knn,0.9153432588916459,0.9318395433066449,0.950156087408949,0.013976016466501501,,brute,,,,,,,,,,10,,,uniform
188,knn,0.9157775020678247,0.9318348206619639,0.949885535900104,0.01376308987919913,,ball_tree,,,,,,,,,,10,,,uniform
154,RandomForestClassifier,0.9119000657462195,0.93176833864571,0.9520874424720579,0.016051309117427352,,,,entropy,,,,8,sqrt,,200,,,,
172,knn,0.9171803090072321,0.9316249947834034,0.950551508844953,0.015185807128379173,,auto,,,,,,,,,,8,,,uniform
196,knn,0.9171803090072321,0.9316249947834034,0.950551508844953,0.015185807128379173,,kd_tree,,,,,,,,,,8,,,uniform
283,ExtraTreesClassifier,0.9091058514135437,0.9315880530704032,0.9482622268470342,0.015483231868481318,,,,gini,,,,7,log2,,50,,,,
208,knn,0.9171803090072321,0.9315459104962025,0.950551508844953,0.015091784865636858,,brute,,,,,,,,,,8,,,uniform
331,ExtraTreesClassifier,0.9105045492142266,0.9315259526531439,0.9459853714661406,0.014899275481820826,,,,entropy,,,,5,sqrt,,50,,,,
184,knn,0.9171803090072321,0.9314293652308538,0.9499895941727365,0.014946280502868354,,ball_tree,,,,,,,,,,8,,,uniform
50,RandomForestClassifier,0.9096400394477318,0.9314241072436463,0.9455983350676379,0.014456498895111126,,,,gini,,,,4,log2,,200,,,,
132,RandomForestClassifier,0.9165023011176858,0.9313730109374069,0.9427186061801446,0.00984902118465645,,,,entropy,,,,6,log2,,50,,,,
390,ExtraTreesClassifier,0.9188856015779093,0.9312997141647186,0.9450780437044746,0.01089217774210327,,,,entropy,,,,8,log2,,40,,,,
151,RandomForestClassifier,0.910050953320184,0.931243910949106,0.9506492439184746,0.014392247688406926,,,,entropy,,,,8,auto,,500,,,,
91,RandomForestClassifier,0.9129273504273505,0.9312284749545215,0.9524983563445102,0.014769574821121451,,,,gini,,,,8,auto,,500,,,,
343,ExtraTreesClassifier,0.9128040762656148,0.9312247966553577,0.9466633793556871,0.011548064302130559,,,,entropy,,,,6,auto,,50,,,,
259,ExtraTreesClassifier,0.9168320926385443,0.9309326946166777,0.9434339229968783,0.009717695210025558,,,,gini,,,,6,sqrt,,50,,,,
94,RandomForestClassifier,0.9105029585798817,0.93087758649117,0.9518819855358316,0.015112898338709988,,,,gini,,,,8,sqrt,,200,,,,
90,RandomForestClassifier,0.9130095332018409,0.9308614396711732,0.9520463510848126,0.014082268323355757,,,,gini,,,,8,auto,,200,,,,
391,ExtraTreesClassifier,0.9150641025641025,0.9307904279387911,0.9454734651404786,0.012695250540216984,,,,entropy,,,,8,log2,,50,,,,
156,RandomForestClassifier,0.9206936226166996,0.9307733612874494,0.9408694937541092,0.008575925168595108,,,,entropy,,,,8,log2,,50,,,,
155,RandomForestClassifier,0.9123931623931623,0.9305431109797555,0.9506081525312295,0.014149746437199347,,,,entropy,,,,8,sqrt,,500,,,,
93,RandomForestClassifier,0.9151873767258383,0.930407586710096,0.9500123274161736,0.01296111426574403,,,,gini,,,,8,sqrt,,100,,,,
230,ExtraTreesClassifier,0.9110008271298594,0.9303659765708112,0.9546305931321539,0.015783470666230055,,,,gini,,,,4,log2,,100,,,,
150,RandomForestClassifier,0.910379684418146,0.9302332417264779,0.947526298487837,0.014520489799826286,,,,entropy,,,,8,auto,,200,,,,
282,ExtraTreesClassifier,0.9193134822167081,0.9301963106177066,0.9473048907388137,0.010253636808236906,,,,gini,,,,7,log2,,40,,,,
403,mlp,0.913358147229115,0.9300934602009605,0.9529656607700312,0.01491694600240826,,,0.1,,,10,,,,2000,,,1,lbfgs,
399,mlp,0.913358147229115,0.9300934602009605,0.9529656607700312,0.01491694600240826,,,0.1,,,10,,,,1500,,,1,lbfgs,
395,mlp,0.913358147229115,0.9300934602009605,0.9529656607700312,0.01491694600240826,,,0.1,,,10,,,,1000,,,1,lbfgs,
89,RandomForestClassifier,0.9137080867850098,0.9300616512768517,0.9472797501643656,0.012098303331404206,,,,gini,,,,8,auto,,100,,,,
300,ExtraTreesClassifier,0.9141852770885028,0.9298932397014124,0.9440998959417274,0.010021175492573682,,,,gini,,,,8,log2,,40,,,,
169,knn,0.9162352071005917,0.9297128691212379,0.9434755463059312,0.011069495523839703,,auto,,,,,,,,,,6,,,distance
193,knn,0.9162352071005917,0.9297128691212379,0.9434755463059312,0.011069495523839703,,kd_tree,,,,,,,,,,6,,,distance
60,RandomForestClassifier,0.922172912557528,0.9296568923041347,0.9389381985535832,0.006413033836130901,,,,gini,,,,5,log2,,50,,,,
181,knn,0.9159270216962525,0.92965123204037,0.9434755463059312,0.011144970846036823,,ball_tree,,,,,,,,,,6,,,distance
82,RandomForestClassifier,0.9119106699751861,0.9294172675159629,0.9507725180802103,0.014651093333136602,,,,gini,,,,7,sqrt,,200,,,,
121,RandomForestClassifier,0.9138957816377172,0.9293275362408077,0.9406035379812695,0.011884549911529232,,,,entropy,,,,5,log2,,100,,,,
139,RandomForestClassifier,0.9102564102564102,0.9292779645490363,0.951388888888889,0.015650238717014694,,,,entropy,,,,7,auto,,500,,,,
49,RandomForestClassifier,0.9153846153846154,0.9292414377692533,0.9396462018730489,0.01022996826923397,,,,gini,,,,4,log2,,100,,,,
205,knn,0.9162352071005917,0.9292300387362221,0.9410613943808532,0.010496482955124665,,brute,,,,,,,,,,6,,,distance
366,ExtraTreesClassifier,0.9042390405293631,0.9292052862423471,0.9499917817225509,0.01712897339240909,,,,entropy,,,,7,sqrt,,40,,,,
79,RandomForestClassifier,0.9069690992767915,0.9291072258584465,0.9511012491781723,0.015510567980358662,,,,gini,,,,7,auto,,500,,,,
153,RandomForestClassifier,0.9045857988165681,0.9290575659121245,0.9496219592373438,0.016289076250867483,,,,entropy,,,,8,sqrt,,100,,,,
78,RandomForestClassifier,0.9115302432610125,0.9289821110078055,0.9491699539776463,0.014890573664915786,,,,gini,,,,7,auto,,200,,,,
241,ExtraTreesClassifier,0.9107905982905983,0.9288971003248999,0.9444328824141519,0.013245066106641569,,,,gini,,,,5,sqrt,,50,,,,
223,ExtraTreesClassifier,0.9015655818540435,0.9288939621572696,0.9476378772112383,0.016464366828374013,,,,gini,,,,4,sqrt,,50,,,,
417,mlp,0.9111604207758054,0.9288384712533035,0.9467637877211239,0.013236889038530925,,,0.1,,,13,,,,2000,,,9,lbfgs,
409,mlp,0.9111604207758054,0.9288384712533035,0.9467637877211239,0.013236889038530925,,,0.1,,,13,,,,1000,,,9,lbfgs,
413,mlp,0.9111604207758054,0.9288384712533035,0.9467637877211239,0.013236889038530925,,,0.1,,,13,,,,1500,,,9,lbfgs,
148,RandomForestClassifier,0.9110215053763441,0.9288093181754432,0.9507314266929652,0.015013426483737095,,,,entropy,,,,8,auto,,50,,,,
408,mlp,0.9145988420181969,0.9287831453990304,0.9488033298647243,0.012154673579099814,,,0.1,,,13,,,,1000,,,3,lbfgs,
416,mlp,0.9145988420181969,0.9287831453990304,0.9488033298647243,0.012154673579099814,,,0.1,,,13,,,,2000,,,3,lbfgs,
412,mlp,0.9145988420181969,0.9287831453990304,0.9488033298647243,0.012154673579099814,,,0.1,,,13,,,,1500,,,3,lbfgs,
142,RandomForestClassifier,0.9115713346482577,0.9286703990131912,0.9470332018408941,0.012528619478381674,,,,entropy,,,,7,sqrt,,200,,,,
410,mlp,0.9133995037220843,0.9286644508959204,0.9446409989594172,0.010828531160761297,,,0.1,,,13,,,,1500,,,0,lbfgs,
406,mlp,0.9133995037220843,0.9286644508959204,0.9446409989594172,0.010828531160761297,,,0.1,,,13,,,,1000,,,0,lbfgs,
414,mlp,0.9133995037220843,0.9286644508959204,0.9446409989594172,0.010828531160761297,,,0.1,,,13,,,,2000,,,0,lbfgs,
314,ExtraTreesClassifier,0.9156393819855357,0.928619081215395,0.9465972944849116,0.012111570269386121,,,,entropy,,,,4,sqrt,,100,,,,
330,ExtraTreesClassifier,0.905017258382643,0.9285960182146447,0.9494276795005202,0.014531876161294005,,,,entropy,,,,5,sqrt,,40,,,,
83,RandomForestClassifier,0.9082018408941487,0.9285005267907295,0.9483481262327417,0.01400201407711176,,,,gini,,,,7,sqrt,,500,,,,
81,RandomForestClassifier,0.9077087442472059,0.9284631119922885,0.9479783037475346,0.014171572890133679,,,,gini,,,,7,sqrt,,100,,,,
77,RandomForestClassifier,0.911612426035503,0.9284073942946511,0.9497041420118343,0.014057496276359648,,,,gini,,,,7,auto,,100,,,,
144,RandomForestClassifier,0.8987097304404995,0.9281988255303311,0.9513839750260146,0.01934930727919158,,,,entropy,,,,7,log2,,50,,,,
138,RandomForestClassifier,0.9061883629191322,0.9281363573857769,0.9481015779092703,0.015300998094086235,,,,entropy,,,,7,auto,,200,,,,
72,RandomForestClassifier,0.9143450032873109,0.9280846906746412,0.9386094674556213,0.010428048208606001,,,,gini,,,,6,log2,,50,,,,
109,RandomForestClassifier,0.9141190006574621,0.927978333165718,0.9382807363576595,0.009723074846263577,,,,entropy,,,,4,log2,,100,,,,
182,knn,0.9128862590401052,0.9279204156036782,0.9472840790842872,0.014844222207309373,,ball_tree,,,,,,,,,,7,,,uniform
194,knn,0.9128862590401052,0.9279204156036782,0.9472840790842872,0.014844222207309373,,kd_tree,,,,,,,,,,7,,,uniform
206,knn,0.9128862590401052,0.9279204156036782,0.9472840790842872,0.014844222207309373,,brute,,,,,,,,,,7,,,uniform
170,knn,0.9128862590401052,0.9279204156036782,0.9472840790842872,0.014844222207309373,,auto,,,,,,,,,,7,,,uniform
234,ExtraTreesClassifier,0.8996277915632753,0.9277137682572325,0.9490261341222879,0.017462884219026465,,,,gini,,,,5,auto,,40,,,,
258,ExtraTreesClassifier,0.9037014061207609,0.9277008251116351,0.9459105098855359,0.013915868232881564,,,,gini,,,,6,sqrt,,40,,,,
342,ExtraTreesClassifier,0.9000413564929693,0.927696039867796,0.9499506903353057,0.01688532743253026,,,,entropy,,,,6,auto,,40,,,,
143,RandomForestClassifier,0.9107940446650125,0.9275335445969402,0.9462113740959894,0.014330160773837145,,,,entropy,,,,7,sqrt,,500,,,,
464,mlp,0.911448060486522,0.9274185675602269,0.9417898022892819,0.011648627742142887,,,1e-07,,,13,,,,2000,,,3,lbfgs,
456,mlp,0.911448060486522,0.9274185675602269,0.9417898022892819,0.011648627742142887,,,1e-07,,,13,,,,1000,,,3,lbfgs,
460,mlp,0.911448060486522,0.9274185675602269,0.9417898022892819,0.011648627742142887,,,1e-07,,,13,,,,1500,,,3,lbfgs,
432,mlp,0.9114686061801446,0.9273603481197332,0.9408740894901144,0.011567717780924695,,,0.0001,,,13,,,,1000,,,3,lbfgs,
440,mlp,0.9114686061801446,0.9273603481197332,0.9408740894901144,0.011567717780924695,,,0.0001,,,13,,,,2000,,,3,lbfgs,
436,mlp,0.9114686061801446,0.9273603481197332,0.9408740894901144,0.011567717780924695,,,0.0001,,,13,,,,1500,,,3,lbfgs,
67,RandomForestClassifier,0.9091058514135437,0.9271922279895545,0.9483070348454964,0.014742658555033455,,,,gini,,,,6,auto,,500,,,,
179,knn,0.9185979618671927,0.9270088719768539,0.9398751300728407,0.008768797370724352,,ball_tree,,,,,,,,,,5,,,distance
167,knn,0.9185979618671927,0.9270088719768539,0.9398751300728407,0.008768797370724352,,auto,,,,,,,,,,5,,,distance
191,knn,0.9185979618671927,0.9270088719768539,0.9398751300728407,0.008768797370724352,,kd_tree,,,,,,,,,,5,,,distance
131,RandomForestClassifier,0.9047912557527941,0.9268514706697288,0.9486357659434583,0.015909796504370362,,,,entropy,,,,6,sqrt,,500,,,,
71,RandomForestClassifier,0.9075854700854702,0.926793805214681,0.9482659434582512,0.014612296387421113,,,,gini,,,,6,sqrt,,500,,,,
66,RandomForestClassifier,0.9073614557485524,0.9266779536711498,0.9462113740959894,0.015494623279749016,,,,gini,,,,6,auto,,200,,,,
203,knn,0.9159270216962524,0.9264746839426661,0.9398751300728407,0.009328410895041337,,brute,,,,,,,,,,5,,,distance
137,RandomForestClassifier,0.9074441687344913,0.9264725896074453,0.9476290269559501,0.014826180238357183,,,,entropy,,,,7,auto,,100,,,,
383,ExtraTreesClassifier,0.9062910913872452,0.9264094804201465,0.9481997918834547,0.018244963651820902,,,,entropy,,,,8,sqrt,,20,,,,
80,RandomForestClassifier,0.9079197684036393,0.9264005114659082,0.948594674556213,0.01554324837415922,,,,gini,,,,7,sqrt,,50,,,,
88,RandomForestClassifier,0.9113658777120315,0.9263302437399131,0.9386505588428666,0.01123356069210856,,,,gini,,,,8,auto,,50,,,,
126,RandomForestClassifier,0.902983234714004,0.9261016948978608,0.9477317554240632,0.016235515842387697,,,,entropy,,,,6,auto,,200,,,,
149,RandomForestClassifier,0.8988330046022354,0.9258601876880113,0.9472386587771203,0.017968683456192732,,,,entropy,,,,8,auto,,100,,,,
55,RandomForestClassifier,0.9038050624589087,0.9258156256392468,0.9482248520710059,0.016342712710194822,,,,gini,,,,5,auto,,500,,,,
152,RandomForestClassifier,0.9046319272125724,0.9255830323100593,0.9432258064516128,0.016822799783724265,,,,entropy,,,,8,sqrt,,50,,,,
70,RandomForestClassifier,0.9092291255752794,0.9253633905072312,0.951388888888889,0.015643232066580866,,,,gini,,,,6,sqrt,,200,,,,
141,RandomForestClassifier,0.9050378040762657,0.9250630093023032,0.942800788954635,0.014691572737692964,,,,entropy,,,,7,sqrt,,100,,,,
92,RandomForestClassifier,0.9011166253101737,0.9250353746816165,0.9444033530571991,0.016303287675943773,,,,gini,,,,8,sqrt,,50,,,,
377,ExtraTreesClassifier,0.8998397435897436,0.924991082185511,0.9427471383975026,0.016054061046341966,,,,entropy,,,,8,auto,,20,,,,
402,mlp,0.9065376397107167,0.9248745203296753,0.9474505723204995,0.014941101151434199,,,0.1,,,10,,,,2000,,,0,lbfgs,
398,mlp,0.9065376397107167,0.9248745203296753,0.9474505723204995,0.014941101151434199,,,0.1,,,10,,,,1500,,,0,lbfgs,
394,mlp,0.9065376397107167,0.9248745203296753,0.9474505723204995,0.014941101151434199,,,0.1,,,10,,,,1000,,,0,lbfgs,
127,RandomForestClassifier,0.9031476002629849,0.924808273487854,0.9471153846153846,0.01659202853974567,,,,entropy,,,,6,auto,,500,,,,
59,RandomForestClassifier,0.9058185404339251,0.9247785104957922,0.9460880999342538,0.015132469086523615,,,,gini,,,,5,sqrt,,500,,,,
114,RandomForestClassifier,0.8999013806706115,0.9247222030661957,0.9508957922419461,0.018596591940317077,,,,entropy,,,,5,auto,,200,,,,
129,RandomForestClassifier,0.9073389217619987,0.9247084392901049,0.9407256738987508,0.013369893056452814,,,,entropy,,,,6,sqrt,,100,,,,
404,mlp,0.9025227460711331,0.9246005441679819,0.9482414151925077,0.018926667749272198,,,0.1,,,10,,,,2000,,,3,lbfgs,
396,mlp,0.9025227460711331,0.9246005441679819,0.9482414151925077,0.018926667749272198,,,0.1,,,10,,,,1000,,,3,lbfgs,
400,mlp,0.9025227460711331,0.9246005441679819,0.9482414151925077,0.018926667749272198,,,0.1,,,10,,,,1500,,,3,lbfgs,
252,ExtraTreesClassifier,0.9065170940170939,0.9244534344361046,0.937939646201873,0.010370455393963246,,,,gini,,,,6,auto,,40,,,,
69,RandomForestClassifier,0.9072978303747534,0.924400815567829,0.9458004602235371,0.014372702955770004,,,,gini,,,,6,sqrt,,100,,,,
115,RandomForestClassifier,0.9072373862696442,0.9242198916863529,0.9491699539776464,0.015787245181553923,,,,entropy,,,,5,auto,,500,,,,
265,ExtraTreesClassifier,0.9089414858645629,0.9241538964384158,0.9368425378040762,0.010554030934906535,,,,gini,,,,6,log2,,50,,,,
354,ExtraTreesClassifier,0.9124069478908188,0.9240414485103111,0.9354865220249835,0.008846328814473597,,,,entropy,,,,6,log2,,40,,,,
168,knn,0.9107905982905983,0.9240332890692292,0.9400208116545266,0.012351016048961858,,auto,,,,,,,,,,6,,,uniform
192,knn,0.9107905982905983,0.9240332890692292,0.9400208116545266,0.012351016048961858,,kd_tree,,,,,,,,,,6,,,uniform
180,knn,0.9107905982905983,0.9239387788785651,0.9400208116545266,0.012445885021748496,,ball_tree,,,,,,,,,,6,,,uniform
373,ExtraTreesClassifier,0.9098842018196857,0.9239252589997407,0.9425598335067638,0.011815149903571544,,,,entropy,,,,7,log2,,50,,,,
130,RandomForestClassifier,0.9026134122287968,0.9238649140954832,0.9471153846153846,0.016243708139610145,,,,entropy,,,,6,sqrt,,200,,,,
76,RandomForestClassifier,0.9049967126890203,0.923864387133718,0.9455333662064431,0.014742596184482964,,,,gini,,,,7,auto,,50,,,,
217,ExtraTreesClassifier,0.900206782464847,0.9238286876548303,0.9410197710718002,0.015965202219401023,,,,gini,,,,4,auto,,50,,,,
240,ExtraTreesClassifier,0.9086848635235731,0.9238156341910443,0.9360874089490114,0.009861239655674243,,,,gini,,,,5,sqrt,,40,,,,
313,ExtraTreesClassifier,0.8930727874276262,0.9236579024424618,0.93789802289282,0.016283375712599118,,,,entropy,,,,4,sqrt,,50,,,,
68,RandomForestClassifier,0.9102357320099255,0.9236486423850347,0.9388345473465141,0.012367000528019442,,,,gini,,,,6,sqrt,,50,,,,
204,knn,0.9107905982905983,0.9234214264261491,0.9370447450572319,0.011596584211181097,,brute,,,,,,,,,,6,,,uniform
120,RandomForestClassifier,0.9015861275476661,0.923290204394803,0.9407908428720083,0.017119553363946768,,,,entropy,,,,5,log2,,50,,,,
235,ExtraTreesClassifier,0.8980769230769231,0.9232120202698126,0.9359417273673256,0.013138930642639322,,,,gini,,,,5,auto,,50,,,,
125,RandomForestClassifier,0.900951199338296,0.9231740155683763,0.9448759040105195,0.01554332869233271,,,,entropy,,,,6,auto,,100,,,,
293,ExtraTreesClassifier,0.8929487179487179,0.9231247390846565,0.961086456278764,0.024265307872789823,,,,gini,,,,8,sqrt,,20,,,,
48,RandomForestClassifier,0.9108354011579819,0.9230898501451412,0.9369198751300729,0.01011765697528864,,,,gini,,,,4,log2,,50,,,,
118,RandomForestClassifier,0.9014217619986851,0.9228666730292041,0.9448553583168968,0.01662284933299331,,,,entropy,,,,5,sqrt,,200,,,,
119,RandomForestClassifier,0.9036817882971729,0.9227674174460775,0.942595332018409,0.01573929681754069,,,,entropy,,,,5,sqrt,,500,,,,
54,RandomForestClassifier,0.901586127547666,0.9227527947274405,0.9445471729125575,0.015048377204743552,,,,gini,,,,5,auto,,200,,,,
57,RandomForestClassifier,0.9059966914805625,0.922404934113531,0.9409927679158449,0.01375921479947528,,,,gini,,,,5,sqrt,,100,,,,
124,RandomForestClassifier,0.8957100591715975,0.9221890000280497,0.9457388231426693,0.017808884606132527,,,,entropy,,,,6,auto,,50,,,,
140,RandomForestClassifier,0.9088593030900723,0.9221107081504105,0.9412393162393162,0.01236099451169727,,,,entropy,,,,7,sqrt,,50,,,,
58,RandomForestClassifier,0.898052268244576,0.9218389795721501,0.9452662721893491,0.017248340766206748,,,,gini,,,,5,sqrt,,200,,,,
65,RandomForestClassifier,0.8966962524654831,0.9217163543208129,0.9406229454306377,0.014958236714922989,,,,gini,,,,6,auto,,100,,,,
42,RandomForestClassifier,0.9006204799474029,0.92151378703698,0.9462524654832347,0.016791716567877223,,,,gini,,,,4,auto,,200,,,,
117,RandomForestClassifier,0.9046939619520264,0.9214473506873251,0.9369247205785668,0.012982017892716146,,,,entropy,,,,5,sqrt,,100,,,,
449,mlp,0.8991411900065747,0.9214012662475601,0.9422892819979188,0.01651567413152457,,,1e-07,,,10,,,,1500,,,9,lbfgs,
453,mlp,0.8991411900065747,0.9214012662475601,0.9422892819979188,0.01651567413152457,,,1e-07,,,10,,,,2000,,,9,lbfgs,
445,mlp,0.8991411900065747,0.9214012662475601,0.9422892819979188,0.01651567413152457,,,1e-07,,,10,,,,1000,,,9,lbfgs,
355,ExtraTreesClassifier,0.9038461538461539,0.921189129502265,0.9429968782518212,0.01524755807778312,,,,entropy,,,,6,log2,,50,,,,
43,RandomForestClassifier,0.9037220843672457,0.9211712844663097,0.9440540762656147,0.015633166020345868,,,,gini,,,,4,auto,,500,,,,
106,RandomForestClassifier,0.8952991452991453,0.9211711933041478,0.9417324128862591,0.01844818475511025,,,,entropy,,,,4,sqrt,,200,,,,
102,RandomForestClassifier,0.9014061207609596,0.9210994704042811,0.938198553583169,0.01506016371103171,,,,entropy,,,,4,auto,,200,,,,
46,RandomForestClassifier,0.8973948060486522,0.9210682944842274,0.9443006245890861,0.01830518597705065,,,,gini,,,,4,sqrt,,200,,,,
190,knn,0.9108147229114971,0.9209813832498336,0.9354214360041622,0.010231334195859719,,kd_tree,,,,,,,,,,5,,,uniform
178,knn,0.9108147229114971,0.9209813832498336,0.9354214360041622,0.010231334195859719,,ball_tree,,,,,,,,,,5,,,uniform
166,knn,0.9108147229114971,0.9209813832498336,0.9354214360041622,0.010231334195859719,,auto,,,,,,,,,,5,,,uniform
56,RandomForestClassifier,0.8982166337935569,0.9208788112796157,0.9399791883454734,0.0176873447934947,,,,gini,,,,5,sqrt,,50,,,,
47,RandomForestClassifier,0.8982166337935569,0.9206640457117524,0.9407873109796188,0.016429177954892304,,,,gini,,,,4,sqrt,,500,,,,
136,RandomForestClassifier,0.8965318869165023,0.9206030515550246,0.939266929651545,0.015506564899436264,,,,entropy,,,,7,auto,,50,,,,
202,knn,0.9085922090729782,0.9204184312445738,0.9354214360041622,0.010804060836498368,,brute,,,,,,,,,,5,,,uniform
421,mlp,0.8979700854700855,0.9204069078684063,0.9424557752341312,0.017044004201180855,,,0.0001,,,10,,,,1000,,,9,lbfgs,
425,mlp,0.8979700854700855,0.9204069078684063,0.9424557752341312,0.017044004201180855,,,0.0001,,,10,,,,1500,,,9,lbfgs,
429,mlp,0.8979700854700855,0.9204069078684063,0.9424557752341312,0.017044004201180855,,,0.0001,,,10,,,,2000,,,9,lbfgs,
53,RandomForestClassifier,0.9015508684863524,0.9202664849580723,0.9390203813280735,0.015678829828772483,,,,gini,,,,5,auto,,100,,,,
275,ExtraTreesClassifier,0.8935483870967741,0.9198727191500744,0.9418145956607495,0.01669163102030549,,,,gini,,,,7,sqrt,,20,,,,
359,ExtraTreesClassifier,0.8896696252465482,0.919833652315382,0.9374401664932362,0.018181052893106498,,,,entropy,,,,7,auto,,20,,,,
324,ExtraTreesClassifier,0.8853804797353184,0.9197730029671316,0.9347970863683662,0.01914480185793936,,,,entropy,,,,5,auto,,40,,,,
257,ExtraTreesClassifier,0.9101536817882973,0.9196196030460818,0.9267135108481263,0.0065183369434490745,,,,gini,,,,6,sqrt,,20,,,,
52,RandomForestClassifier,0.8916831032215646,0.9195869683604014,0.9480193951347797,0.02197942966476857,,,,gini,,,,5,auto,,50,,,,
128,RandomForestClassifier,0.8951758711374096,0.919578159837885,0.9376849112426034,0.016714960968646362,,,,entropy,,,,6,sqrt,,50,,,,
337,ExtraTreesClassifier,0.8866832092638544,0.9195333773237799,0.9481789802289282,0.021223224537653258,,,,entropy,,,,5,log2,,50,,,,
64,RandomForestClassifier,0.8990384615384616,0.9194101602880519,0.9378355879292404,0.015089385039618817,,,,gini,,,,6,auto,,50,,,,
307,ExtraTreesClassifier,0.8936104218362282,0.9192314402048052,0.9402081165452654,0.016805452238400485,,,,entropy,,,,4,auto,,50,,,,
103,RandomForestClassifier,0.8994904667981591,0.9192303481402577,0.9409516765285996,0.015650841992670857,,,,entropy,,,,4,auto,,500,,,,
269,ExtraTreesClassifier,0.905284352399737,0.9187184212902816,0.933534681130835,0.011405051272833856,,,,gini,,,,7,auto,,20,,,,
105,RandomForestClassifier,0.8969602977667493,0.9186124492963923,0.939063475546306,0.018015595362719884,,,,entropy,,,,4,sqrt,,100,,,,
306,ExtraTreesClassifier,0.9019644334160464,0.9185776007213612,0.9277211238293444,0.010971082922632061,,,,entropy,,,,4,auto,,40,,,,
116,RandomForestClassifier,0.8893819855358317,0.9184750467099183,0.9448348126232742,0.021923637302489123,,,,entropy,,,,5,sqrt,,50,,,,
107,RandomForestClassifier,0.8965318869165022,0.9184533978344112,0.9396778435239974,0.016632423633066527,,,,entropy,,,,4,sqrt,,500,,,,
372,ExtraTreesClassifier,0.8969396195202647,0.9181624256592238,0.9312382934443288,0.013575138957956897,,,,entropy,,,,7,log2,,40,,,,
101,RandomForestClassifier,0.8938814924391848,0.9174718945173399,0.9366781722550952,0.015493406698843897,,,,entropy,,,,4,auto,,100,,,,
113,RandomForestClassifier,0.8939636752136751,0.9173224785366985,0.9367192636423405,0.01566818225262584,,,,entropy,,,,5,auto,,100,,,,
45,RandomForestClassifier,0.8950525969756739,0.9165606864630517,0.9381780078895464,0.016450604265605618,,,,gini,,,,4,sqrt,,100,,,,
247,ExtraTreesClassifier,0.9123655913978495,0.9165004614549959,0.9224557752341311,0.0035682586908714425,,,,gini,,,,5,log2,,50,,,,
41,RandomForestClassifier,0.8928747534516766,0.9163027305547518,0.9341715976331362,0.015955553602493254,,,,gini,,,,4,auto,,100,,,,
216,ExtraTreesClassifier,0.893424317617866,0.9162536191207247,0.9332881328073637,0.01507827535603351,,,,gini,,,,4,auto,,40,,,,
319,ExtraTreesClassifier,0.8940860215053763,0.9159854185010271,0.9343600416233091,0.013103158859761413,,,,entropy,,,,4,log2,,50,,,,
112,RandomForestClassifier,0.8866494082840237,0.9158323452586441,0.9481837606837608,0.02192067952015209,,,,entropy,,,,5,auto,,50,,,,
312,ExtraTreesClassifier,0.8898883374689825,0.9157321320452274,0.9376899063475547,0.018318481750932654,,,,entropy,,,,4,sqrt,,40,,,,
347,ExtraTreesClassifier,0.8974358974358975,0.9156193326382432,0.9311308349769888,0.011163231214323546,,,,entropy,,,,6,sqrt,,20,,,,
251,ExtraTreesClassifier,0.8863316790736144,0.9142388003948877,0.9425182101977106,0.018876531031851346,,,,gini,,,,6,auto,,20,,,,
365,ExtraTreesClassifier,0.8856426692965154,0.9142376417973551,0.9367192636423406,0.017387245131449677,,,,entropy,,,,7,sqrt,,20,,,,
40,RandomForestClassifier,0.8885190664036818,0.9142252001291664,0.9333818938605619,0.017156459541139986,,,,gini,,,,4,auto,,50,,,,
104,RandomForestClassifier,0.8984631821170284,0.9141445127219961,0.9336108220603537,0.014599032287017928,,,,entropy,,,,4,sqrt,,50,,,,
108,RandomForestClassifier,0.8951347797501644,0.9140423337923937,0.9339021852237253,0.0151927681922659,,,,entropy,,,,4,log2,,50,,,,
229,ExtraTreesClassifier,0.8990590072320841,0.9135101251572676,0.9284911550468263,0.01188689136346603,,,,gini,,,,4,log2,,50,,,,
420,mlp,0.8861869313482217,0.9134854855471201,0.9339646201873049,0.017855292774539823,,,0.0001,,,10,,,,1000,,,3,lbfgs,
424,mlp,0.8861869313482217,0.9134854855471201,0.9339646201873049,0.017855292774539823,,,0.0001,,,10,,,,1500,,,3,lbfgs,
428,mlp,0.8861869313482217,0.9134854855471201,0.9339646201873049,0.017855292774539823,,,0.0001,,,10,,,,2000,,,3,lbfgs,
426,mlp,0.902605459057072,0.9130615120535877,0.9210634451019066,0.0071693184798304116,,,0.0001,,,10,,,,2000,,,0,lbfgs,
418,mlp,0.902605459057072,0.9130615120535877,0.9210634451019066,0.0071693184798304116,,,0.0001,,,10,,,,1000,,,0,lbfgs,
422,mlp,0.902605459057072,0.9130615120535877,0.9210634451019066,0.0071693184798304116,,,0.0001,,,10,,,,1500,,,0,lbfgs,
336,ExtraTreesClassifier,0.8943951347797502,0.9128899486276417,0.9304058272632675,0.014490265054039133,,,,entropy,,,,5,log2,,40,,,,
222,ExtraTreesClassifier,0.8919561621174524,0.9127650060102035,0.9455150884495318,0.01820893626199981,,,,gini,,,,4,sqrt,,40,,,,
329,ExtraTreesClassifier,0.8963163371488033,0.9126657981461073,0.9317266600920447,0.01176926699682673,,,,entropy,,,,5,sqrt,,20,,,,
448,mlp,0.8861455748552522,0.9122602975615063,0.9332986472424558,0.01752540838452604,,,1e-07,,,10,,,,1500,,,3,lbfgs,
452,mlp,0.8861455748552522,0.9122602975615063,0.9332986472424558,0.01752540838452604,,,1e-07,,,10,,,,2000,,,3,lbfgs,
444,mlp,0.8861455748552522,0.9122602975615063,0.9332986472424558,0.01752540838452604,,,1e-07,,,10,,,,1000,,,3,lbfgs,
246,ExtraTreesClassifier,0.9006867845993757,0.9120963390780888,0.9396778435239974,0.01424893706459996,,,,gini,,,,5,log2,,40,,,,
450,mlp,0.9025227460711331,0.9115217691137806,0.9210634451019066,0.007530247804329679,,,1e-07,,,10,,,,2000,,,0,lbfgs,
442,mlp,0.9025227460711331,0.9115217691137806,0.9210634451019066,0.007530247804329679,,,1e-07,,,10,,,,1000,,,0,lbfgs,
446,mlp,0.9025227460711331,0.9115217691137806,0.9210634451019066,0.007530247804329679,,,1e-07,,,10,,,,1500,,,0,lbfgs,
341,ExtraTreesClassifier,0.8806089743589745,0.9108757439208691,0.9324245577523413,0.018620601155546864,,,,entropy,,,,6,auto,,20,,,,
447,mlp,0.884759204470743,0.9099755437403921,0.9386888657648284,0.020449265644269334,,,1e-07,,,10,,,,1500,,,1,lbfgs,
451,mlp,0.884759204470743,0.9099755437403921,0.9386888657648284,0.020449265644269334,,,1e-07,,,10,,,,2000,,,1,lbfgs,
443,mlp,0.884759204470743,0.9099755437403921,0.9386888657648284,0.020449265644269334,,,1e-07,,,10,,,,1000,,,1,lbfgs,
233,ExtraTreesClassifier,0.8738006617038875,0.9091675110711572,0.9374383629191322,0.021962834972469286,,,,gini,,,,5,auto,,20,,,,
423,mlp,0.87853385930309,0.90910703224575,0.9387304890738815,0.022085135395612,,,0.0001,,,10,,,,1500,,,1,lbfgs,
427,mlp,0.87853385930309,0.90910703224575,0.9387304890738815,0.022085135395612,,,0.0001,,,10,,,,2000,,,1,lbfgs,
419,mlp,0.87853385930309,0.90910703224575,0.9387304890738815,0.022085135395612,,,0.0001,,,10,,,,1000,,,1,lbfgs,
44,RandomForestClassifier,0.88595947063689,0.909087844406543,0.9333086785009862,0.018768736286253137,,,,gini,,,,4,sqrt,,50,,,,
264,ExtraTreesClassifier,0.8880686517783292,0.9087472690689692,0.9272840790842871,0.013221613482757513,,,,gini,,,,6,log2,,40,,,,
239,ExtraTreesClassifier,0.8691480562448304,0.9064220799545181,0.9301977107180021,0.022144015655344663,,,,gini,,,,5,sqrt,,20,,,,
463,mlp,0.87939677843524,0.9062418944352426,0.9356503642039542,0.02231270827660078,,,1e-07,,,13,,,,2000,,,1,lbfgs,
459,mlp,0.87939677843524,0.9062418944352426,0.9356503642039542,0.02231270827660078,,,1e-07,,,13,,,,1500,,,1,lbfgs,
455,mlp,0.87939677843524,0.9062418944352426,0.9356503642039542,0.02231270827660078,,,1e-07,,,13,,,,1000,,,1,lbfgs,
318,ExtraTreesClassifier,0.8847187758478081,0.9057133818870191,0.9308220603537981,0.018695799512741737,,,,entropy,,,,4,log2,,40,,,,
439,mlp,0.879766600920447,0.9053597062218091,0.936149843912591,0.02293497136359606,,,0.0001,,,13,,,,2000,,,1,lbfgs,
435,mlp,0.879766600920447,0.9053597062218091,0.936149843912591,0.02293497136359606,,,0.0001,,,13,,,,1500,,,1,lbfgs,
431,mlp,0.879766600920447,0.9053597062218091,0.936149843912591,0.02293497136359606,,,0.0001,,,13,,,,1000,,,1,lbfgs,
100,RandomForestClassifier,0.8778949545078577,0.9045408167035079,0.9202827087442473,0.017847320008692165,,,,entropy,,,,4,auto,,50,,,,
389,ExtraTreesClassifier,0.8681141439205955,0.9037814376050587,0.937585848074922,0.02223747932039849,,,,entropy,,,,8,log2,,20,,,,
228,ExtraTreesClassifier,0.8849441157133466,0.9011935370987241,0.9183002481389577,0.01095001823685159,,,,gini,,,,4,log2,,40,,,,
281,ExtraTreesClassifier,0.8725550624589086,0.9004519987603313,0.91418063773833,0.015087388932504374,,,,gini,,,,7,log2,,20,,,,
292,ExtraTreesClassifier,0.8895463510848126,0.9004293082758824,0.9219771071800208,0.011455682978355626,,,,gini,,,,8,sqrt,,10,,,,
438,mlp,0.8791356492969397,0.9004163399880001,0.9236212278876171,0.01722469146452998,,,0.0001,,,13,,,,2000,,,0,lbfgs,
430,mlp,0.8791356492969397,0.9004163399880001,0.9236212278876171,0.01722469146452998,,,0.0001,,,13,,,,1000,,,0,lbfgs,
434,mlp,0.8791356492969397,0.9004163399880001,0.9236212278876171,0.01722469146452998,,,0.0001,,,13,,,,1500,,,0,lbfgs,
454,mlp,0.8789702233250621,0.8997988129762924,0.9226638917793965,0.01739774649561469,,,1e-07,,,13,,,,1000,,,0,lbfgs,
462,mlp,0.8789702233250621,0.8997988129762924,0.9226638917793965,0.01739774649561469,,,1e-07,,,13,,,,2000,,,0,lbfgs,
458,mlp,0.8789702233250621,0.8997988129762924,0.9226638917793965,0.01739774649561469,,,1e-07,,,13,,,,1500,,,0,lbfgs,
299,ExtraTreesClassifier,0.8536807278742763,0.8992105396115841,0.9236628511966701,0.024991781943454982,,,,gini,,,,8,log2,,20,,,,
245,ExtraTreesClassifier,0.8751438198553583,0.8988903180652962,0.9157752341311133,0.013481060739119106,,,,gini,,,,5,log2,,20,,,,
215,ExtraTreesClassifier,0.872125723738627,0.8985477891550893,0.9287269888231426,0.01934485071345889,,,,gini,,,,4,auto,,20,,,,
311,ExtraTreesClassifier,0.8871014135437213,0.8985212778985291,0.920508711374096,0.012329431315654572,,,,entropy,,,,4,sqrt,,20,,,,
263,ExtraTreesClassifier,0.8653019023986765,0.8973363122664931,0.9201040582726326,0.022311571546843576,,,,gini,,,,6,log2,,20,,,,
364,ExtraTreesClassifier,0.877034023668639,0.8971976496581675,0.9233234714003945,0.014983285623311528,,,,entropy,,,,7,sqrt,,10,,,,
305,ExtraTreesClassifier,0.8704921422663358,0.897142030990346,0.9195213319458897,0.01585417843604007,,,,entropy,,,,4,auto,,20,,,,
376,ExtraTreesClassifier,0.8672456575682381,0.897053226045902,0.9213099934253781,0.02177107224602177,,,,entropy,,,,8,auto,,10,,,,
382,ExtraTreesClassifier,0.8637923904052937,0.8953024278211185,0.9230176899063476,0.02009025969996832,,,,entropy,,,,8,sqrt,,10,,,,
457,mlp,0.865507889546351,0.8950536594510019,0.9378772112382934,0.024683248632731608,,,1e-07,,,13,,,,1000,,,9,lbfgs,
461,mlp,0.865507889546351,0.8950536594510019,0.9378772112382934,0.024683248632731608,,,1e-07,,,13,,,,1500,,,9,lbfgs,
465,mlp,0.865507889546351,0.8950536594510019,0.9378772112382934,0.024683248632731608,,,1e-07,,,13,,,,2000,,,9,lbfgs,
433,mlp,0.8580087113740961,0.8940742749272926,0.9366285119667014,0.02616510261019914,,,0.0001,,,13,,,,1000,,,9,lbfgs,
437,mlp,0.8580087113740961,0.8940742749272926,0.9366285119667014,0.02616510261019914,,,0.0001,,,13,,,,1500,,,9,lbfgs,
441,mlp,0.8580087113740961,0.8940742749272926,0.9366285119667014,0.02616510261019914,,,0.0001,,,13,,,,2000,,,9,lbfgs,
160,Ridge Classifier,0.8706854043392505,0.8938974468437367,0.9143392299687825,0.017452863165234204,,,1,,,,,,,,,,,,
161,Ridge Classifier,0.8700279421433268,0.8937485617586874,0.9148387096774193,0.017592927006686913,,,0.1,,,,,,,,,,,,
371,ExtraTreesClassifier,0.8670488165680474,0.8937174378335628,0.9104682622268471,0.015533016394825943,,,,entropy,,,,7,log2,,20,,,,
162,Ridge Classifier,0.8700279421433268,0.8937071512183575,0.914672216441207,0.017568284545063335,,,0.01,,,,,,,,,,,,
256,ExtraTreesClassifier,0.8646449704142013,0.8935686187683907,0.9066389177939647,0.015019934326721504,,,,gini,,,,6,sqrt,,10,,,,
163,Ridge Classifier,0.8688773833004603,0.8934604434893796,0.9146305931321541,0.017876659673930793,,,0.001,,,,,,,,,,,,
165,Ridge Classifier,0.8685897435897437,0.8934111868458302,0.9146305931321541,0.017951160519683106,,,0,,,,,,,,,,,,
164,Ridge Classifier,0.8685486522024984,0.8934029685683811,0.9146305931321541,0.017962528028607094,,,0.0001,,,,,,,,,,,,
353,ExtraTreesClassifier,0.8717535153019025,0.8926251252838343,0.9086992715920916,0.011957227818186228,,,,entropy,,,,6,log2,,20,,,,
286,ExtraTreesClassifier,0.8718362282878411,0.8922751968452761,0.913069719042664,0.014344066343896168,,,,gini,,,,8,auto,,10,,,,
221,ExtraTreesClassifier,0.8700992555831266,0.8922729569584608,0.9152284681130834,0.016268051099749156,,,,gini,,,,4,sqrt,,20,,,,
37,SVC,0.8665762656147272,0.8915206269356993,0.9135900104058272,0.018723374757888614,10,,,,0.01,,rbf,,,,,,,,
32,SVC,0.8665762656147272,0.8915206269356993,0.9135900104058272,0.018723374757888614,5,,,,0.01,,rbf,,,,,,,,
27,SVC,0.8665762656147272,0.8915206269356993,0.9135900104058272,0.018723374757888614,4,,,,0.01,,rbf,,,,,,,,
22,SVC,0.8665762656147272,0.8915206269356993,0.9135900104058272,0.018723374757888614,3,,,,0.01,,rbf,,,,,,,,
17,SVC,0.8665762656147272,0.8915206269356993,0.9135900104058272,0.018723374757888614,2,,,,0.01,,rbf,,,,,,,,
250,ExtraTreesClassifier,0.8684664694280079,0.8906334121466998,0.9188856015779093,0.018305685775277008,,,,gini,,,,6,auto,,10,,,,
323,ExtraTreesClassifier,0.87579604578564,0.8903018787957153,0.9052029136316336,0.011528242458155737,,,,entropy,,,,5,auto,,20,,,,
268,ExtraTreesClassifier,0.8722879684418146,0.8864827995985444,0.902330905306972,0.010673620293022766,,,,gini,,,,7,auto,,10,,,,
358,ExtraTreesClassifier,0.8576302729528535,0.8863498377895042,0.90054110301769,0.01536508078333662,,,,entropy,,,,7,auto,,10,,,,
12,SVC,0.8610700197238659,0.8858480369519752,0.9121331945889699,0.02100420580030104,1,,,,0.01,,rbf,,,,,,,,
274,ExtraTreesClassifier,0.870156087408949,0.8850638682448496,0.9064554569362262,0.013337210868039543,,,,gini,,,,7,sqrt,,10,,,,
8,SVC,0.873767258382643,0.8844397984238694,0.9083870967741934,0.012791460503570249,9,,,,,,linear,,,,,,,,
7,SVC,0.873767258382643,0.8844397984238694,0.9083870967741934,0.012791460503570249,8,,,,,,linear,,,,,,,,
9,SVC,0.873767258382643,0.8844397984238694,0.9083870967741934,0.012791460503570249,10,,,,,,linear,,,,,,,,
6,SVC,0.873767258382643,0.8844397984238694,0.9083870967741934,0.012791460503570249,7,,,,,,linear,,,,,,,,
5,SVC,0.873767258382643,0.8844397984238694,0.9083870967741934,0.012791460503570249,6,,,,,,linear,,,,,,,,
4,SVC,0.873767258382643,0.8844397984238694,0.9083870967741934,0.012791460503570249,5,,,,,,linear,,,,,,,,
3,SVC,0.873767258382643,0.8844397984238694,0.9083870967741934,0.012791460503570249,4,,,,,,linear,,,,,,,,
2,SVC,0.873767258382643,0.8844397984238694,0.9083870967741934,0.012791460503570249,3,,,,,,linear,,,,,,,,
0,SVC,0.873767258382643,0.8844397984238694,0.9083870967741934,0.012791460503570249,1,,,,,,linear,,,,,,,,
1,SVC,0.873767258382643,0.8844397984238694,0.9083870967741934,0.012791460503570249,2,,,,,,linear,,,,,,,,
335,ExtraTreesClassifier,0.8552936311000827,0.8842800513586754,0.9070135275754423,0.020147516715801485,,,,entropy,,,,5,log2,,20,,,,
317,ExtraTreesClassifier,0.8411497105045492,0.8815344208141175,0.9230385015608741,0.026668933131435438,,,,entropy,,,,4,log2,,20,,,,
340,ExtraTreesClassifier,0.8336826101249178,0.8750615825203996,0.8940458579881657,0.021481224662351302,,,,entropy,,,,6,auto,,10,,,,
388,ExtraTreesClassifier,0.8539495450785773,0.8727506521600816,0.8916753381893862,0.01578350501782065,,,,entropy,,,,8,log2,,10,,,,
238,ExtraTreesClassifier,0.8466880341880342,0.8708912086494933,0.882913631633715,0.014909312469951896,,,,gini,,,,5,sqrt,,10,,,,
328,ExtraTreesClassifier,0.8486604207758054,0.870068732507298,0.8866597294484911,0.013947262909565716,,,,entropy,,,,5,sqrt,,10,,,,
298,ExtraTreesClassifier,0.853908188585608,0.8686787093079816,0.888324661810614,0.011489081796230463,,,,gini,,,,8,log2,,10,,,,
232,ExtraTreesClassifier,0.8463192721257238,0.8671872828271011,0.8991259105098856,0.017496894447101747,,,,gini,,,,5,auto,,10,,,,
370,ExtraTreesClassifier,0.8542597187758477,0.8646794256065448,0.8812903225806451,0.009857102476164946,,,,entropy,,,,7,log2,,10,,,,
280,ExtraTreesClassifier,0.8488626964433416,0.8642230418264998,0.8865055884286653,0.01237003787038881,,,,gini,,,,7,log2,,10,,,,
346,ExtraTreesClassifier,0.8405913978494624,0.8639605156665511,0.8887408949011446,0.018040259608193342,,,,entropy,,,,6,sqrt,,10,,,,
310,ExtraTreesClassifier,0.8486193293885601,0.8622787969810102,0.8937148803329864,0.016257678595963262,,,,entropy,,,,4,sqrt,,10,,,,
322,ExtraTreesClassifier,0.8413358147229114,0.8607794672709025,0.8841415192507804,0.0191460608490279,,,,entropy,,,,5,auto,,10,,,,
227,ExtraTreesClassifier,0.8457018408941486,0.8594765335254408,0.8690417488494411,0.00998526042704513,,,,gini,,,,4,log2,,20,,,,
304,ExtraTreesClassifier,0.8177212572373862,0.8562853385930309,0.8768990634755462,0.020718462594600407,,,,entropy,,,,4,auto,,10,,,,
352,ExtraTreesClassifier,0.8353879026955949,0.8546373666689242,0.8651404786680541,0.010080319559019682,,,,entropy,,,,6,log2,,10,,,,
214,ExtraTreesClassifier,0.8189177939646202,0.8531442795999947,0.8949087771203156,0.02658604809882177,,,,gini,,,,4,auto,,10,,,,
262,ExtraTreesClassifier,0.8165839536807279,0.8470125868777114,0.8777939646201873,0.020953584320510518,,,,gini,,,,6,log2,,10,,,,
244,ExtraTreesClassifier,0.8186842537804075,0.8468328368159674,0.8682206035379814,0.02283822857263254,,,,gini,,,,5,log2,,10,,,,
220,ExtraTreesClassifier,0.8241288625904011,0.84280619026997,0.8682206035379813,0.01708356338282241,,,,gini,,,,4,sqrt,,10,,,,
334,ExtraTreesClassifier,0.7991247534516766,0.8370254029435971,0.8892403746097814,0.032959337836730364,,,,entropy,,,,5,log2,,10,,,,
226,ExtraTreesClassifier,0.8072840790842871,0.8262058905123622,0.8648093359631822,0.021165737274968434,,,,gini,,,,4,log2,,10,,,,
316,ExtraTreesClassifier,0.788276627218935,0.8213563477598738,0.8699479708636837,0.031247173407306504,,,,entropy,,,,4,log2,,10,,,,
36,SVC,0.5483870967741935,0.5591894127377998,0.5673076923076923,0.006823728600517771,10,,,,0.5,,rbf,,,,,,,,
31,SVC,0.5483870967741935,0.5591894127377998,0.5673076923076923,0.006823728600517771,5,,,,0.5,,rbf,,,,,,,,
11,SVC,0.5483870967741935,0.5591894127377998,0.5673076923076923,0.006823728600517771,1,,,,0.5,,rbf,,,,,,,,
16,SVC,0.5483870967741935,0.5591894127377998,0.5673076923076923,0.006823728600517771,2,,,,0.5,,rbf,,,,,,,,
21,SVC,0.5483870967741935,0.5591894127377998,0.5673076923076923,0.006823728600517771,3,,,,0.5,,rbf,,,,,,,,
26,SVC,0.5483870967741935,0.5591894127377998,0.5673076923076923,0.006823728600517771,4,,,,0.5,,rbf,,,,,,,,
10,SVC,0.5129032258064516,0.5173655913978494,0.5224358974358975,0.0038201939709412353,1,,,,1,,rbf,,,,,,,,
30,SVC,0.5129032258064516,0.5173655913978494,0.5224358974358975,0.0038201939709412353,5,,,,1,,rbf,,,,,,,,
15,SVC,0.5129032258064516,0.5173655913978494,0.5224358974358975,0.0038201939709412353,2,,,,1,,rbf,,,,,,,,
20,SVC,0.5129032258064516,0.5173655913978494,0.5224358974358975,0.0038201939709412353,3,,,,1,,rbf,,,,,,,,
25,SVC,0.5129032258064516,0.5173655913978494,0.5224358974358975,0.0038201939709412353,4,,,,1,,rbf,,,,,,,,
35,SVC,0.5129032258064516,0.5173655913978494,0.5224358974358975,0.0038201939709412353,10,,,,1,,rbf,,,,,,,,
